,index,kg,db,llm_question,time_question,llm_prompt,time_prompt,kg_resp,db_resp,request,ground_trouth,precision_llm_question,recall_llm_question,f1_llm_question,hashcode_llm_question,precision_llm_prompt,recall_llm_prompt,f1_llm_prompt,hashcode_llm_prompt,precision_kg_resp,recall_kg_resp,f1_kg_resp,hashcode_kg_resp,precision_db_resp,recall_db_resp,f1_db_resp,hashcode_db_resp
0,0,"['recipe_16211', 'recipe_11898', 'recipe_6170']","['recipe_35668', 'recipe_48374', 'recipe_62495']"," Рецепт: Паста с овощами и томатами
   Основные ингредиенты: паста, томаты, зелень (базилик, петрушка), оливковое масло, соль, перец, чеснок, овощи (помидоры, баклажаны, перец-перец, ананас, лук, помидоры-помидоры, кубики томатов)
   Способ приготовления:
   1. Подготовьте овощи, поместите их в теплую воду и поварите до готовности.
   2. Выметье пасту и приготовьте согласно инструкциям на упаковке.
   3. В оливковом масле, помещенном в кастрюлю, приготовьте чеснок и поместите в него поваренную капусту и помидоры.
   4. Добавьте готовые овощи и поместите их на пасту.
   5. Добавьте соль и перец по вкусу.
   6. Подготовьте соус из чеснока, томатов, базилика и петрушки.
   7. Поместите соус на пасту и овощи.
   8. Поместите в духовку на 10-15 минут до готовности.
   9. Подайте горячую пасту с овощами и соусом.
   Наслаждайтесь вегетарианской пастой с овощами и томатами!",4.309433698654175," **Паста с белыми грибами**

Количество порций: 4

Ингредиенты
- Белые грибы: 0,5 кг
- Паста: 300 грамм
- Лук: 1 штука
- Растительное масло: 2 ст. ложки
- Сливки: 200 мл
- Мука: 1 ст. ложка
- Соль: по вкусу
- Черный перец молотый: по вкусу
- Мускатный орех: по вкусу

Способ приготовления
1. Если вы используете свежие грибы — очистите их от земли и травинок, срежьте жесткие и поврежденные места, вымойте, обсушите и нарежьте кубиками или пластинками. Если грибы сушеные — залейте их кипятком на полчаса, потом откиньте на дуршлаг и дайте обсохнуть.
2. Тем временем отварите пасту — чуть дольше, чем до полуготовности, чтобы внутри макароны были еще чуть-чуть твердыми. Небольшой секрет — через три минуты после того, как вы отправите пасту в кастрюлю, выключите огонь. Пусть макароны минут 10 постоят в кипятке и наберут влаги ровно столько, сколько вам нужно.
Потом слейте воду, добавьте немного оливкового масла и несколько раз встряхните кастрюлю.
3. Лук почистите, нарежьте небольшими кубиками.
4. Спассеруйте лук в смеси растительного и сливочного масел на среднем огне.
5. Как только он станет золотиться — добавьте грибы и обжаривайте до румяности. Чтобы не пригорели, нужно помешивать лопаткой. Присолите.
6. Согрейте сливки. Всыпьте в них муку, соль, специи. Тщательно перемешайте и разотрите все комочки.
7. Тонкой струйкой вылейте сливки в сковороду. Непрерывно помешивая доведите грибной соус до густоты жидкой сметаны.
8. Отправьте в сковороду пасту, перемешайте.
9. Разложите пасту с белыми грибами по тарелкам. К этому блюду прекрасно подойдет бокал белого вина!

Калории: 188 ккал
Белки: 7 г
Жиры: 9 г
Углеводы: 14 г
Время: 1 ч.

Приятного аппетита!",13.389849185943604,"Паста с баклажанами и грибами

Количество порций: 3.0.
Ингридиенты
	баклажан: 1 штука.
	чеснок: 1-2 зубчиков.
	шампиньоны: 150 грамм.
	паста: 150 грамм.
	соль: по вкусу.
	подсолнечное масло: 30 мл.
	лук репчатый: 1 штука.
	перец черный молотый: по вкусу.

Способ приготовления
	1. Подготовьте ингредиенты для приготовления пасты с баклажанами и грибами..
	2. Очистите лук и чеснок, нарежьте мелко и выложите в сковороду с подсолнечным маслом..
	3. Помешивая, обжаривайте до прозрачности..
	4. Грибы очистите, нарежьте пластинками и добавьте в сковороду. Помешивая обжаривайте ещё 7-10 минут..
	5. На другую сковороду выложите очищенные и нарезанные небольшим кубиком баклажаны. Добавьте подсолнечное масло..
	6. Обжарьте баклажаны до золотистой корочки..
	7. В  кастрюлю с кипящей, подсоленной водой выложите пасту. Варите согласно инструкции на упаковке до готовности. Затем слейте воду..
	8. В кастрюлю с пастой добавьте обжаренные баклажаны..
	9. Сюда же добавьте обжаренные лук, чеснок и грибы. Посоли и поперчите по вкусу, перемешайте..
	10. Сытная, вкусная с грибным ароматом паста готова. Подавайте к столу..
Калории: 92 ккал.
Белки: 2 г.
Жиры: 5 г.
Углеводы: 8 г.
Время: 40 мин.
","Ленивая ачма

Количество порций: 10.0.
Ингридиенты
	яйцо куриное: 6 штук.
	сыр твердый: 250 грамм.
	брынза или сулугуни: 250 грамм.
	молоко: 1,5 стакана.
	лаваш тонкий: 6 штук.
	чеснок: 1 зубчик.
	соль, перец: по вкусу.

Способ приготовления
	1. Как приготовить ленивую ачму? Для начала возьмите лаваш. Обрежьте его по форме вашей формы для запекания..
	2. Я делаю половину порции, но продукты указаны для полной.
Итак, в миску вбиваем яйца. Добавляем соль и перец, взбиваем..
	3. Вливаем молоко, взбиваем снова. Пышной пены добиваться не следует, просто все хорошо смешайте..
	4. В массу добавьте тертый твердый сыр и брынзу. Добавьте по вкусу соль, выдавите чеснок через пресс..
	5. Хорошо перемешайте. Вместо брынзы можно взять сулугуни или другой вид сыра. Можно взять два сорта твердого сыра. Не рекомендую класть творог. Будет совершенно не то блюдо..
	6. Форму застелите пекарской бумагой. На лист бумаги кладем лист лаваша, обрезанный по форме. На него — 2-3 столовые ложки смеси из сыра и яиц..
	7. Распределите сырную смесь по всему листу лаваша. Накройте новым лавашом, затем — снова сырную смесь и снова лаваш. И так выкладываем до самого верха. Последним должен быть слой сыра..
	8. Разогрейте духовку до 200 градусов. Выпекайте ленивую ачму в духовке. Время выпечки — около 20 минут. Ачма вздуется, поднимется. Это нормально. После остывания она ""упадет"" и уплотнится..
	9. Снимите ачму с бумаги. Переложите её на блюдо, нарежьте и подавайте к столу..
Время: 40 мин.
",['Какой рецепт вегетарианской пасты?'],"Вегетарианская паста с овощами и томатным соусом   Ингредиенты  - Паста спагетти или пенне  250 г  - Оливковое масло  2 ст. ложки  - Помидоры консервированные или свежие  400 г  - Чеснок  2 зубчика измельчить  - Лук  1 шт. мелко нарезать  - Кабачок  1 шт. нарезать кубиками  - Перец сладкий  1 шт. нарезать полосками  - Базилик свежий или сушный  1 ч. ложка  - Орегано  1 ч. ложка  - Соль и перец  по вкусу   Инструкция  1. Варка пасты Отварите пасту в подсоленной воде до состояния аль денте.  2. Приготовление соуса     - В сковороде разогрейте оливковое масло.     - Добавьте лук и чеснок, обжаривайте до прозрачности около 2 минут.     - Добавьте перец и кабачок, обжаривайте 57 минут.     - Влейте помидоры, добавьте базилик, орегано, соль и перец.     - Томите на слабом огне 10 минут, периодически помешивая.  3. Смешивание Добавьте пасту в соус, тщательно перемешайте.  4. Подача Подавайте горячей, посыпав свежим базиликом или тртым пармезаном по желанию.   СоветыАльтернативы   Можно добавить оливки или каперсы для более насыщенного вкуса.   Кабачок можно заменить на баклажан или брокколи.   Вместо пасты попробуйте использовать цельнозерновые макароны или безглютеновые варианты.",0.7110595703125,0.6650699377059937,0.6872962713241577,bert-base-multilingual-cased_L9_no-idf_version=0.3.12(hug_trans=4.50.0),0.7222880125045776,0.7437501549720764,0.7328619360923767,bert-base-multilingual-cased_L9_no-idf_version=0.3.12(hug_trans=4.50.0),0.748245358467102,0.7290679812431335,0.7385322451591492,bert-base-multilingual-cased_L9_no-idf_version=0.3.12(hug_trans=4.50.0),0.7013353109359741,0.7143487930297852,0.7077822089195251,bert-base-multilingual-cased_L9_no-idf_version=0.3.12(hug_trans=4.50.0)
1,0,"['recipe_61895', 'recipe_62149', 'recipe_19011']","['recipe_62495', 'recipe_12228', 'recipe_65298']"," Рецепт блинчиков:

Название: Блинчики
Основные ингредиенты: мука, яйца, молоко, соль, масло
Способ приготовления:
1. В большой миске смешиваем муку, соль и яйца.
2. Постепенно добавляем молоко, мешая до однородной массы.
3. Нагреваем масло в формке для блинчиков.
4. Наливаем массу в формку и запекаем блинчик по одному, пока он не окрасится в золотистый цвет.
5. Вынимаем готовый блинчик и повторяем процесс до конца массы.
6. Подаем горячие блинчики к столу.

Наслаждайтесь вкусным блинчиком!",2.3871419429779053," **Название**: Блинчики с творогом и зеленью
   **Ингредиенты**:
      - Творог: 150-200 грамм.
      - Зелень: по вкусу.
      - Оливковое масло: 3 ст. ложки.
      - Соль, перец: по вкусу.
      - Блинчики: 4-6 штук.
   **Инструкция**:
      1. Подготовьте ингредиенты.
      2. Смешайте творог с зеленью.
      3. Нажарьте готовые блинчики, затем расстирайте их.
      4. Нанесите слой творога и зеленей на каждый блинчик.
      5. Сверните блинчики конвертиком, чтобы начинка была внутри.
   **Время приготовления**: 20 мин.
   **Примечание**: Этот рецепт очень простой и быстрый, поэтому он идеально подходит для быстрого ужина или обеда. Блинчики с творогом и зеленью вкусны и здоровы, поэтому они будут понравиться всем членам вашей семьи. Приятного аппетита!",4.837804794311523,"Блинчики, фаршированные сыром

Количество порций: 5.0.
Ингридиенты
	блинчики: 10 штук.
	соус ""бешамель"": 10 ст. ложек.
	сыр твердый: 250-300 грамм.
	сливочное масло: 40 грамм.

Способ приготовления
	1. Подготовьте необходимые продукты — и приступим!.
	2. Расстелите блинчик ровно на столе или досточке. Положите столовую ложку соуса ""Бешамель"", я его предварительно хорошо охладила, чтобы он стал густой. Рядом положите горку тертого сыра..
	3. Сверните блинчик конвертиком, чтобы начинка была внутри..
	4. Растопите на сковороде сливочное масло, обжарьте конвертики с сыром с двух сторон до красивой корочки..
	5. Подавайте горячими! Приятного аппетита!.
Время: 20 мин.
","Суп-пюре с копченой курицей

Количество порций: 6.0.
Ингридиенты
	картофель: 6  штук.
	морковь: 1 штука.
	кабачок: 1 штука.
	курица копченая: 400 грамм.
	растительное масло: 50 мл.
	лук репчатый: 1 штука.
	вода: 2 литра.
	соль, перец, специи: по вкусу.

Способ приготовления
	1. Морковь и лук очищаем и нарезаем привычным способом для супа. Морковь можно натереть на терке..
	2. Картофель очистить и нарезать кубиком. Сложите картофель в кастрюлю и залейте кипятком. Поставьте вариться..
	3. На растительном масле обжарьте лук, после, добавьте морковь, очищенный от шкурки кабачок. Тушите все вместе 10 минут..
	4. Мясо птицы срезать с кости. Нарезать небольшими кусочками. У меня курица копченая. Я использую два вида мяса (филейное и мясо с ноги)..
	5. Овощную зажарку и 50% мяса добавьте в кипящий картофельный отвар. Прибавьте сразу специи (без соли). Дайте продуктам развариться в супе. Бульон наполнится ароматами..
	6. Готовый суп посолить. Проверить на специи и, при необходимости, их добавить. Погружным блендером пюрируйте суп до однородной консистенции и только после этого добавьте в суп куриное мясо. Разлейте суп по мискам и подайте к столу. Зелень по желанию.
Такой суп хорошо подавать с чесночными гренками..
Калории: 104 ккал.
Белки: 4 г.
Жиры: 6 г.
Углеводы: 9 г.
Время: 30 мин.
",['Как приготовить блинчики?'],"Классические блинчики   Ингредиенты  - Мука  150 г  - Молоко  300 мл  - Яйцо  2 шт.  - Сахар  1 ст. ложка  - Соль  щепотка  - Растительное масло  2 ст. ложки   Инструкция  1. Приготовление теста     - В миске взбейте яйца с сахаром и солью.     - Добавьте молоко, затем постепенно добавляйте муку, постоянно взбивая, чтобы не было комков.     - Влейте масло, перемешайте до однородности.  2. Жарка     - Разогрейте сковороду, смажьте небольшим количеством масла.     - Вылейте немного теста, равномерно распределяя его по сковороде.     - Жарьте 12 минуты с каждой стороны до золотистой корочки.  3. Подача Подавайте с мдом, джемом или сметаной.   СоветыАльтернативы   Можно добавить ванильный сахар для аромата.   Если тесто густое  добавьте немного молока.   Для безглютенового варианта используйте рисовую или овсяную муку.",0.7294771075248718,0.6806526184082031,0.7042195796966553,bert-base-multilingual-cased_L9_no-idf_version=0.3.12(hug_trans=4.50.0),0.6825907230377197,0.6864262223243713,0.6845031380653381,bert-base-multilingual-cased_L9_no-idf_version=0.3.12(hug_trans=4.50.0),0.6973719596862793,0.691840648651123,0.6945952773094177,bert-base-multilingual-cased_L9_no-idf_version=0.3.12(hug_trans=4.50.0),0.6618632674217224,0.6844489574432373,0.6729666590690613,bert-base-multilingual-cased_L9_no-idf_version=0.3.12(hug_trans=4.50.0)
2,0,"['recipe_35539', 'recipe_32458', 'recipe_31485']","['recipe_48374', 'recipe_20476', 'recipe_12228']"," Рецепт: Куриный филе по-провансальски

   Основные ингредиенты: куриное филе, томатный соус, чеснок, сливки, зеленый перец, соль, перец пряник, оливковое масло, сливки, шампиньоны, маринованные оливки.

   Способ приготовления:
   1. Поместите куриное филе в тюфяк и обить солью и перцем пряником.
   2. Получите оливковое масло в сковороде и добавьте чеснок, нарезанный по мелку. Пожарите до золотистого оттенка.
   3. Добавьте шампиньоны и пожарите до готовности.
   4. Добавьте томатный соус и зеленый перец, помешивайте и позвольте загустеть.
   5. Разместите куриное филе на шампиньонах и поверните на другую сторону. Добавьте по 2-3 столовые ложки сливок на каждое кусок филе.
   6. Поместите тюфяк в духовку и запечьте на 20 минут в 200 градусов.
   7. Подайте готовое блюдо с маринованными оливками по боку.

   Этот рецепт подойдет для вечерней закуски или второго блюда. Куриное филе будет наполнено вкусом провансальских оливок и томатов.",4.615155935287476,"1. **Куриные оладушки**

   Количество порций: 15

   Ингридиенты:
   - 1 кг куриное филе
   - 2 ст. ложки майонез
   - 3 ст. ложки пшеничная мука
   - 1 стакан молоко
   - Соль, специи по вкусу
   - Растительное масло для жарки
   - 1 штука лук репчатый

   Способ приготовления:
   - Нарежьте мясо птицы очень мелко. Если попадаются жилки, кожа или плева — все удаляйте. Резать нужно действительно мелко, почти до состояния фарша.
   - Сложите все в миску. Мелко нарежьте лук.
   - Добавьте соль, перец, муку, молоко, майонез. Все хорошо перемешайте.
   - При необходимости добавьте немного молока или муки. Консистенция теста должна быть, как для оладьев.
   - Вот такая.
   - На растительном масле обжарьте оладьшки, выкладывая тесто на сковороду столовой ложкой. Делайте оладьи плоскими, чтобы мясо успело проготовится. Готовить оладьи следует на небольшом огне, чтобы мясо успело ""дойти"", а тесто не подгорело.
   - Подаем к столу.

   Время: 30 мин.

   Это легкое и вкусное блюдо, которое подойдет как для завтрака, так и для ужина. Скоро и будет готово к столу!

  2. **Куриный торт**

   Количество порций: 8

   Ингридиенты:
   - 1 кг куриное филе
   - 200 г грибов
   - 200 г ананаса
   - 200 г твердый сыр
   - 2 ст. ложки майонез
   - Растительное масло для жарки
   - Соль, перец по вкусу

   Способ приготовления:
   - На сковороде обжарить грибы до румяности. При жарке посолить, поперчить по вкусу.
   - В любую форму для запекания кладем слой куриного филе. Выкладывайте плотно, покрыв все дно формы. Посолите и поперчите.
   - На слой куриного филе выкладываем нарезанные грибы и ананасы в любой последовательности.
   - Натираем на терке твердый сыр. Слой грибов с ананасами поливаем тонкой струйкой майонеза. Выкладываем слой сыра. Снова филе, ананасы, грибы, майонез, сыр и так далее, пока форма не заполнится до самого верху. Завершающим слоем должно быть слой филе. В форму больше 3-4 слоев филе не выкладывайте. Слишком высокий торт разваливается при нарезке.
   - Разогрейте духовку до 200 градусов и запекайте торт в духовке 30 минут. На поверхности тортика появится румянец, будет много мясного сока. Лучше использовать неразьемную форму, чтоб не залить духовку.
   - Подаем к столу торт горячим, выбрав из формы.

   Калории: 1800

   Это вкусный и насыщенный торт, который подойдет как для праздника, так и для обычного ужина. Скоро и будет готово к столу!

  3. **Куриное фрикаделька**

   Количество порций: 10

   Ингридиенты:
   - 1 кг куриное филе
   - 100 г рис
   - 100 г картофель
   - 2 шт. яйца
   - 100 г мука
   - Соль, перец по вкусу
   - Растительное масло для жарки

   Способ приготовления:
   - Перемешайте куриное филе, рис, картофель, яйца, муку, соль и перец.
   - Сформируйте из массы небольшие шарики.
   - На растительном масле для жарки обжарить фрикадельки пока они приобретут золотистый цвет.

   Калории: 1200

   Это легкое и вкусное блюдо, которое подойдет как для завтрака, так и для ужина. Скоро и будет готово к столу!",16.033751964569092,"Салат с грейпфрутом и курицей

Количество порций: 1.0.
Ингридиенты
	куриное филе: 1  штук.
	грейпфрут: 1  штук.
	лайм: 1  штук.
	перец чили: 1 щепотка.
	имбирь: по вкусу.
	зелень: по вкусу.
	мята: по вкусу.
	соевый соус: 2 ч. ложки.

Способ приготовления
	1. Отвариваем куриное филе, после чего охлаждаем его и нарезаем кусочками среднего размера (способ шинковки можно выбрать любой)..
	2. Грейпфрут нужно очистить, оставив одну мякоть. Нарезаем ее также на части и отправляем к курице..
	3. Для этого салата нам также понадобится перец чили и имбирь. Перец добавьте по вкусу, а имбирь нужно очистить и нашинковать тонкой соломкой..
	4. Лайм нам нужен для цедры и сока. Цедру добавляем в салат, а соком нужно будет сбрызнуть перед подачей..
	5. Смешиваем все ингредиенты, добавляем соевый соус для заправки, а также зелень (предпочтительно кинзу) и мяту. Перед подачей можно добавить также кунжут, но это не обязательно. Вот и все, наш салат готов!.
Калории: 39 ккал.
Белки: 1 г.
Жиры: 0 г.
Углеводы: 7 г.
Время: 1 ч..
","Солянка по-грузински классический рецепт

Количество порций: 4.0.
Ингридиенты
	говядина: 1 кг.
	луковица: 3-5 штук.
	чеснок: 2-4 зубчиков.
	мука: 2 ст. ложки.
	бульон: 1 литр.
	белое вино: 50 мл.
	лавровый лист: 1-2 штук.
	горчица: 1 ст. ложка.
	томатная паста: 1 ст. ложка.
	свежая зелень: по вкусу.
	растительное масло: 1 ст. ложка.
	соль: по вкусу.
	черный перец: по вкусу.
	красный острый перец: по вкусу.
	солёный огурец: 1 штука.

Способ приготовления
	1. На сковороду с толстым дном и высокими бортами (можно взять сотейник) налить немного растительного масла. Вымыть, обсушить и нарезать говядину. Выложить на сковороду и на сильном огне обжарить 3-4 минуты..
	2. Очистить и нарезать луковицы. Если хотите знать, как сделать солянку по-грузински, классический рецепт невозможен без большого количества лука..
	3. Обжарить немного и добавить муку. Аккуратно перемешать все..
	4. Для аромата влить немного белого грузинского вина..
	5. Теперь можно отправить на сковороду томатную пасту, немного горчицы, зелень, соль и специи. Следует отменить, что будет вкусной и солянка по-грузински, классический рецепт в домашних условиях которой будет дополнен вашими любимыми специями..
	6. Влить бульон и тушить на медленном огне. Нужно следить, чтобы жидкость не испарилась полностью, а при необходимости добавить еще. За 5-7 минут до готовности мяса добавить нарезанные соленые огурцы. 
Подавать солянку можно как первое блюдо, так и как гарнир..
Калории: 106 ккал.
Белки: 1 г.
Жиры: 5 г.
Углеводы: 13 г.
Время: 1 ч..
",['Что можно приготовить из куриного филе?'],"Куриное филе в сливочном соусе   Ингредиенты  - Куриное филе  2 шт.  - Сливки 2030  200 мл  - Чеснок  2 зубчика  - Сливочное масло  30 г  - Соль и перец  по вкусу  - Петрушка  для украшения   Инструкция  1. Нарежьте куриное филе на небольшие куски.  2. Разогрейте сливочное масло в сковороде, обжарьте филе до румяной корочки 57 минут.  3. Добавьте измельчнный чеснок, жарьте ещ 1 минуту.  4. Влейте сливки, посолите и поперчите. Томите на слабом огне 10 минут.  5. Подавайте, посыпав петрушкой.   СоветыАльтернативы   Можно добавить грибы или шпинат в соус.   В сливки можно добавить немного тртого пармезана для насыщенности.",0.707476019859314,0.7302842140197754,0.7186991572380066,bert-base-multilingual-cased_L9_no-idf_version=0.3.12(hug_trans=4.50.0),0.6486181020736694,0.6929225921630859,0.6700387597084045,bert-base-multilingual-cased_L9_no-idf_version=0.3.12(hug_trans=4.50.0),0.6547584533691406,0.6828425526618958,0.6685057282447815,bert-base-multilingual-cased_L9_no-idf_version=0.3.12(hug_trans=4.50.0),0.6507309675216675,0.6735029816627502,0.6619211435317993,bert-base-multilingual-cased_L9_no-idf_version=0.3.12(hug_trans=4.50.0)
3,0,"['recipe_57151', 'recipe_43964', 'recipe_58389']","['recipe_28173', 'recipe_12228', 'recipe_38519']"," Рецепт шоколадного торта:

Название: Шоколадный торт
Основные ингредиенты: 200 г шоколада, 200 г сахара, 100 г муки, 100 г масла, 4 яйца, 1 чайная ложка соды
Способ приготовления:
1. Разогреть духовку до 180 градусов.
2. Взбить яйца с сахаром до желтоватого цвета.
3. Добавить в яйца постепенно муку, масло и шоколад, помешать.
4. Добавить соду и перемешать.
5. Положить тесто в форму для торта и выпекать в духовке на 30-35 минут.
6. Остудить торт, покрыть шоколадным глазурью и украсить по вкусу.

Наслаждайтесь вкусом шоколадного торта!",2.8332698345184326,"1. Фриттатура - это традиционная итальянская закуска, которая состоит из тонких ломтиков мяса, обжаренных в оливейном масле. Это блюдо популярно в Южной Италии и особенно в Неаполе.
  2. Фриттатура может готовиться из разных видов мяса, например, говядины, телятины, курицы или рыбы. Кроме того, можно добавить овощи, такие как помидоры, зелень или баклажаны.
  3. Для приготовления фриттатуры необходимо обжарить мясо и овощи в оливейном масле на сильном огне. Для того, чтобы получилась золотистая и кристальная поверхность, необходимо регулярно перемешивать мясо.
  4. Фриттатура обычно подается горячей, с солью и лимоном. Это блюдо идеально сочетается с вином Белламинао или Ламбруско.
  5. Фриттатура - это закуска, которая отлично подходит для вечеринки с друзьями или семейного обеда. Она легко готовится и понравится всем.",5.030288934707642,"Шоколадные пряники имбирные

Количество порций: 16.0.
Ингридиенты
	мука: 180 грамм.
	имбирь молотый: 1/2 ч. ложки.
	кардамон: 1/3 ч. ложки.
	корица молотая: 1/2 ч. ложки.
	какао-порошок: 2 ст. ложки.
	сахар: 150 грамм.
	масло растительное: 20 мл.
	вода: 135 мл.
	разрыхлитель: 1/2 ч. ложки.
	лимонная кислота: 1 щепотка.

Способ приготовления
	1. Подготовьте все ингредиенты..
	2. Соедините 1/3 часть муки с сахаром..
	3. Влейте горячую воду, все перемешайте..
	4. Влейте растительное масло, еще раз перемешайте..
	5. Затем добавьте молотый сухой имбирь, кардамон, корицу и какао-порошок. Все перемешайте и в конце добавьте разрыхлитель..
	6. После небольшими порциями добавьте оставшуюся муку и все хорошенько перемешайте..
	7. Из получившегося теста скатайте шарики. Выложите их на пергамент для выпечки на небольшом расстоянии друг от друга. Выпекайте пряники 15-20 минут в разогретой до 180 градусов духовке..
	8. Для глазури соедините воду с сахаром, но не перемешивайте. Чтобы сахар полностью растворился, слегка прокручивайте ковшик. На среднем огне доведите до кипения. Добавьте щепотку лимонной кислоты и проварите еще 5 минут..
	9. Промажьте глазурью пряники и дайте им остыть..
	10. Шоколадные пряники имбирные готовы, приятного вам аппетита!.
Калории: 282 ккал.
Белки: 5 г.
Жиры: 4 г.
Углеводы: 52 г.
Время: 1 ч..
","Сладкий пирог

Количество порций: 1.0.
Ингридиенты
	яблоко: 2-3 штук.
	сливочное масло: 110 грамм.
	мука: 220 грамм.
	сахар: 90-110 грамм.

Способ приготовления
	1. В мисочку выложите размягченное сливочное масло, сахар и просеянную муку..
	2. Влейте 3 столовые ложки воды или молока. Вымешивайте до тех пор, пока не получится мягкое и эластичное тесто. Заверните его в пищевую пленку и отправьте в холодильник на 30 минут..
	3. Разделите тесто на две части (одна чуть больше второй), раскатайте..
	4. Вырежьте по размеру формы, учитывая высокие бортики, и аккуратно выложите в форму. В рецепте приготовления сладкого пирога можно использовать также ваниль или корицу, которая отлично сочетается с яблоками..
	5. Яблоки нужно вымыть, очистить от семечек и шкурки и нарезать тонкими ломтиками..
	6. Выложите яблоки в форму, пересыпая каждый слой сахаром, если они недостаточно сладкие. Также такой сладкий пирог в домашних условиях можно дополнить лимонным соком, если яблоки слишком сладкие..
	7. Раскатайте второй кусочек теста, выложите его сверху..
	8. Плотно заверните края, отправьте пирог в разогретую духовку минут на 40. Проверьте готовность и при необходимости подрумяньте верх под грилем. 
Вот такой простой рецепт сладкого пирога, который обязательно стоит приготовить..
Калории: 270 ккал.
Белки: 4 г.
Жиры: 12 г.
Углеводы: 37 г.
Время: 1 ч. 20 мин.
",['Как сделать шоколадный торт?'],"Шоколадный торт без выпечки   Ингредиенты  - Печенье  200 г  - Сливочное масло  100 г  - Тмный шоколад  200 г  - Сливки 30  150 мл   Инструкция  1. Измельчите печенье в крошку, смешайте с растопленным маслом.  2. Утрамбуйте в форму, охладите 30 минут.  3. Растопите шоколад на водяной бане, влейте сливки, перемешайте.  4. Вылейте на основу из печенья.  5. Охладите в холодильнике 2 часа.   СоветыАльтернативы   Можно добавить орехи или кокосовую стружку в основу.   Вместо тмного шоколада используйте молочный или белый.",0.7272977828979492,0.7087324857711792,0.7178950905799866,bert-base-multilingual-cased_L9_no-idf_version=0.3.12(hug_trans=4.50.0),0.6347059011459351,0.6358428001403809,0.6352738738059998,bert-base-multilingual-cased_L9_no-idf_version=0.3.12(hug_trans=4.50.0),0.6517560482025146,0.6869490146636963,0.6688899397850037,bert-base-multilingual-cased_L9_no-idf_version=0.3.12(hug_trans=4.50.0),0.6620196104049683,0.7041426301002502,0.682431697845459,bert-base-multilingual-cased_L9_no-idf_version=0.3.12(hug_trans=4.50.0)
4,0,"['recipe_21527', 'recipe_47875', 'recipe_33621']","['recipe_3992', 'recipe_35668', 'recipe_16613']"," Рецепт: Суши-рис

   Основные ингредиенты:
   - 2 чашки риса
   - 2 1/2 чашки воды
   - 1-2 чашки рисового уксуса
   - 1 чашка соевого соуса
   - 1-2 чашки рисового варенья
   - Соль по вкусу

   Способ приготовления:
   1. В большом кастрюле поместите рис и воду. Добавьте немного соли.
   2. Поставьте кастрюль на огонь и приготовьте рис по инструкциям на упаковке.
   3. В другом кастрюле смешайте рисовый уксус, соевый соус и рисовое варенье.
   4. Поместите готовый рис в смесь и смешайте до тех пор, пока рис не будет покрыт соусом.
   5. Остудите рис, он готов к использованию в суши.",3.002251386642456," **Рецепт роллов с икрой мойвы**

   *Количество порций: 2*

   *Ингредиенты:*
   - Огурец свежий: 1-2 штучки
   - Икра мойвы: 60 граммов
   - Крабовые палочки: 50 граммов
   - Соль: 1 чайная ложка
   - Сахар: 1 столовая ложка
   - Водоросли нори: 2-3 штучки
   - Уксус рисовый: 4 столовые ложки
   - Рис суши: 150 граммов

   *Способ приготовления:*
   1. Подготовьте все ингредиенты. Крабовые палочки заранее разморозьте, помойте и обсушите огурцы.
   2. Рис тщательно промойте несколько раз, переложите в кастрюлю, налейте воды так, чтобы она была выше крупы на 1 сантиметр. После закипания сделайте огонь минимальный, плотно накройте кастрюлю крышкой и варите рис 15 минут. Спустя время снимите казан с плиты, выложите пару бумажных полотенец между крышкой и казаном и оставьте еще на 15 минут. Дальше влейте в рис заправку из уксуса с сахаром и солью, хорошенько перемешайте.
   3. Нарежьте крабовые полочки вдоль на несколько ломтиков, огурец нарежьте тонкой соломкой.
   4. Положите на циновку лист нори, на нори выложите тонким слоем рис, край водорослей с противоположной стороны оставьте свободным.
   5. Слой риса щедро смажьте икрой мойвы ровно посередине.
   6. Выложите на икру крабовые палочки и огурец.
   7. Скрутите заготовку в ролл с помощью циновки. Выложите роллы на стык, чтобы водоросли хорошо склеились.
   8. Острым ножом с длинным лезвием нарежьте роллы толщиной около 1 сантиметра, выложите на специальную подставку или плоскую тарелку и подавайте с соевым соусом. Приятного аппетита!

   Калории: 164 ккал.
   Белки: 4 г.
   Жиры: 4 г.
   Углеводы: 30 г.
   Время: 1 час.",9.324695587158203,"Роллы с тунцом и огурцом

Количество порций: 4.0.
Ингридиенты
	рис  суши: 200 грамм.
	уксус рисовый: 30 мл.
	тунец свежий филе: 120 грамм.
	огурцы: 200 грамм.
	водоросли нори: 4 штуки.
	васаби: 1,5 ч. ложки.
	икра летучей рыбы: 20 грамм.
	соевый соус: 80 мл.
	имбирь маринованный: 40 грамм.

Способ приготовления
	1. Промываем рис до тех пор, пока вода не станет прозрачной. Готовим рис так, как указано на упаковке. Если ничего не указано, готовим так: заливаем водой примерно в пропорции 1:1, накрываем крышкой, доводим до кипения, затем уменьшаем огонь и варим еще 10-12 минут..
	2. Сваренный рис пусть немного постоит под закрытой крышкой. Затем наливаем в него рисовый уксус, перемешиваем - и пусть остывает, потому что из горячего риса роллы не скрутишь..
	3. Огурцы и тунец нарезаем тонкими длинными брусочками - по длине они должны соответствовать длине листа нори..
	4. А теперь открывайте увеличенную фотографию и смотрите за ловкостью рук :) Выкладываем лист нори на коврик. Распределяем рис по листу, оставляя где-то 2 см с дальнего края. На серединку риса выкладываем немножко васаби, сверху - наши огурец и тунец. Заворачиваем лист в ролл при помощи коврика. Заворачивать нужно от себя..
	5. Когда лист будет свернут, слегка поджимаем коврик, чтобы ролл получился круглым. Получившуюся ""колбаску"" разрезаем на 6 роллов. Аналогичную процедуру проделываем со всеми листами нори. Готово!.
	6. Подавать с соевым соусом, маринованным имбирем и васаби..
Время: 30 мин.
","Карп, фаршированный в духовке

Количество порций: 6.0.
Ингридиенты
	карп: 1 штука.
	лимон: 1 штука.
	морковь: 1 штука.
	лук: 2 штуки.
	шампиньоны: 500 грамм.
	сметана: по вкусу.
	специи  рыбы, соль: по вкусу.

Способ приготовления
	1. Карпа почистить, удалить внутренности и хорошо промыть.  Выжать из лимона сок и натереть карпа соком  снаружи и внутри.  Также намазать рыбу солью, перцем и специями для рыбы. Пусть полежит и промаринуется..
	2. Лук и морковь почистить. Лук нарезать полукольцами. Морковь натереть на терке. Грибы мелко измельчить.  Раскалить в сковороде масло и обжарить лук. Добавить морковь. Когда морковь станет мягкой, положить грибы. На среднем огне жарить до полуготовности грибов..
	3. Внутри смазать карпа сметаной и плотно наполнить фаршем. Зашейте брюхо рыбы нитками. Можно, конечно, зацепить брюхо зубочистками, это быстрее. Но, боюсь, при этом может вытечь весь сок. На спине рыбы сделайте глубокие надрезы. Густо смажьте рыбу сметаной и положите на противень.  Лимон нарежьте тонкими ломтиками и вложите в надрезы..
	4. Карп будет запекаться в духовке примерно один час. Духовку лучше разогреть заранее до 180 градусов.  Во время запекания доставайте рыбу два раза и смазывайте ее сметаной.
Лучше всего подать рыбу со свежими овощами. Красиво и вкусно..
Калории: 34 ккал.
Белки: 0 г.
Жиры: 2 г.
Углеводы: 5 г.
Время: 1 ч. 30 мин.
",['Как приготовить рис для суши?'],"Рис для суши   Ингредиенты  - Рис для суши  250 г  - Вода  300 мл  - Рисовый уксус  3 ст. ложки  - Сахар  1 ст. ложка  - Соль  0,5 ч. ложки   Инструкция  1. Подготовка риса     - Промойте рис в холодной воде 34 раза, пока вода не станет прозрачной.     - Оставьте рис в воде на 30 минут, затем слейте воду.  2. Варка риса     - Выложите рис в кастрюлю, залейте водой соотношение риса к воде 11,2.     - Доведите до кипения, затем убавьте огонь и готовьте под крышкой 1012 минут.     - Снимите с огня и оставьте под крышкой ещ 10 минут для пропаривания.  3. Заправка     - В небольшой миске смешайте рисовый уксус, сахар и соль.     - Осторожно влейте смесь в рис и аккуратно перемешайте деревянной лопаткой, чтобы не повредить зрна.  4. Охлаждение     - Оставьте рис остывать при комнатной температуре, накрыв влажным полотенцем, чтобы рис не пересох.   СоветыАльтернативы   Используйте деревянную или стеклянную посуду для перемешивания риса не металлическую.   Если нет рисового уксуса, смешайте яблочный уксус с небольшим количеством сахара и соли.   Не промешивайте рис слишком сильно  зрна должны оставаться целыми.",0.7438066005706787,0.6911096572875977,0.7164904475212097,bert-base-multilingual-cased_L9_no-idf_version=0.3.12(hug_trans=4.50.0),0.6704680323600769,0.6892350316047668,0.679722011089325,bert-base-multilingual-cased_L9_no-idf_version=0.3.12(hug_trans=4.50.0),0.6605013608932495,0.6905387043952942,0.6751860976219177,bert-base-multilingual-cased_L9_no-idf_version=0.3.12(hug_trans=4.50.0),0.6421878337860107,0.6479477286338806,0.6450548768043518,bert-base-multilingual-cased_L9_no-idf_version=0.3.12(hug_trans=4.50.0)
5,0,"['recipe_44651', 'recipe_27992', 'recipe_35832']","['recipe_35668', 'recipe_62495', 'recipe_48374']"," Рецепт: Суп-пюре из тыквы

Основные ингредиенты:
- Тыква
- Сливочное масло
- Сливки
- Соль
- Перец
- Свежий лук
- Свежий чеснок
- Разбавленный сок лимона

Способ приготовления:
1. Поместить тыкву в горячую воду и подожарь до готовности (около 40 минут).
2. Удалите тыкву из воды и остудите.
3. Взжемите тыкву и пропустите через мешкорезку.
4. В большой кастрюле на слабом огне разогревай сливочное масло.
5. Добавьте в масло порезанный на кубики лук и чеснок, посолите и поперчите.
6. Разбавите сок лимона и добавьте в кастрюлю.
7. Добавьте тыквенное пюре и сливки.
8. Смешивайте все ингредиенты, пока не получится равномерная масса.
9. Поддерживайте суп на слабом огне до готовности.
10. Полученный суп-пюре готов к употреблению.

Наслаждайтесь вкусным супом-пюре из тыквы!",4.142464876174927," **Ответ:** Здравствуйте! У вас есть несколько рецептов, в которых используется тыква.

   **1. Тыквенный гноччи**
   - Время приготовления: 40 минут
   - Способ приготовления: Гноччи готовят из тыквенной капусты. Выложите сыр в глубокую сковороду и влейте сливки. Варите смесь до растворения сыра, постоянно помешивая. Варите гноччи 2 минуты. Подавайте гноччи с сырным соусом.

   **2. Индейка с тыквой**
   - Время приготовления: 40 минут
   - Способ приготовления: Филе индейки посолите и поперчите, добавьте сметану и чеснок. Выложите в духовку и варите вместе с тыквой, которую также посолите и поперчите.

   **3. Тыквенный суп**
   - Время приготовления: 30 минут
   - Способ приготовления: Тыкву вымойте, нарежьте мелкими кусочками и поместите в кастрюлю. Добавьте воду, чеснок, посолье и поперчить. Помешивайте и варите до готовности. Добавьте зелень, соль и перец по вкусу.

   Я надеюсь, что вы найдете рецепт, который понравится вам! Если есть вопросы или нужна помощь в приготовлении, пожалуйста, не стесняйтесь задавать вопросы. Удачи в приготовлении!",6.531857490539551,"Тыква, запеченная с беконом

Количество порций: 4.0.
Ингридиенты
	тыква: 1 штука.
	чеснок: 1 штука.
	копченый бекон: 12 ломтиков.
	тимьян: 2 штуки.
	оливковое масло: 2 ст. ложки.
	соль, перец: по вкусу.
	кленовый сироп: 2 ст. ложки.

Способ приготовления
	1. Вымойте тыкву, разрежьте ее на две части, ложкой достаньте семена, не срезайте кожуру, а нарежьте тыкву небольшими ломтиками. Очистите головку чеснока, разделите на зубчики..
	2. Каждый ломтик тыквы обмотайте полоской копченого бекона. Переложите овощ на противень. Полейте растительным маслом, кленовым сиропом, уложите рядом с тыквой зубчики чеснока, добавьте тимьян, соль и перец..
	3. Запекайте тыкву полчаса при температуре 180 градусов, подавайте теплой..
Время: 50 мин.
","Ленивая ачма

Количество порций: 10.0.
Ингридиенты
	яйцо куриное: 6 штук.
	сыр твердый: 250 грамм.
	брынза или сулугуни: 250 грамм.
	молоко: 1,5 стакана.
	лаваш тонкий: 6 штук.
	чеснок: 1 зубчик.
	соль, перец: по вкусу.

Способ приготовления
	1. Как приготовить ленивую ачму? Для начала возьмите лаваш. Обрежьте его по форме вашей формы для запекания..
	2. Я делаю половину порции, но продукты указаны для полной.
Итак, в миску вбиваем яйца. Добавляем соль и перец, взбиваем..
	3. Вливаем молоко, взбиваем снова. Пышной пены добиваться не следует, просто все хорошо смешайте..
	4. В массу добавьте тертый твердый сыр и брынзу. Добавьте по вкусу соль, выдавите чеснок через пресс..
	5. Хорошо перемешайте. Вместо брынзы можно взять сулугуни или другой вид сыра. Можно взять два сорта твердого сыра. Не рекомендую класть творог. Будет совершенно не то блюдо..
	6. Форму застелите пекарской бумагой. На лист бумаги кладем лист лаваша, обрезанный по форме. На него — 2-3 столовые ложки смеси из сыра и яиц..
	7. Распределите сырную смесь по всему листу лаваша. Накройте новым лавашом, затем — снова сырную смесь и снова лаваш. И так выкладываем до самого верха. Последним должен быть слой сыра..
	8. Разогрейте духовку до 200 градусов. Выпекайте ленивую ачму в духовке. Время выпечки — около 20 минут. Ачма вздуется, поднимется. Это нормально. После остывания она ""упадет"" и уплотнится..
	9. Снимите ачму с бумаги. Переложите её на блюдо, нарежьте и подавайте к столу..
Время: 40 мин.
",['Как приготовить суп-пюре из тыквы?'],"Суп-пюре из тыквы   Ингредиенты  - Тыква  500 г очищенная и нарезанная кубиками  - Картофель  2 шт. нарезать кубиками  - Морковь  1 шт. нарезать кружками  - Лук  1 шт. мелко нарезать  - Овощной бульон  500 мл  - Сливки 1020  150 мл  - Сливочное масло  20 г  - Соль и перец  по вкусу  - Мускатный орех  щепотка по желанию   Инструкция  1. Обжарка овощей     - В кастрюле растопите сливочное масло.     - Добавьте лук и обжаривайте до прозрачности около 3 минут.     - Добавьте морковь и картофель, жарьте 5 минут.  2. Варка     - Добавьте тыкву и залейте овощным бульоном.     - Доведите до кипения, уменьшите огонь и готовьте под крышкой 20 минут до мягкости овощей.  3. Пюрирование     - С помощью блендера измельчите суп до однородности.     - Добавьте сливки, соль, перец и мускатный орех.     - Прогрейте суп на слабом огне не доводя до кипения.  4. Подача     - Подавайте горячим, украсив зеленью или тыквенными семечками.   СоветыАльтернативы   Для более насыщенного вкуса добавьте немного имбиря или чеснока при обжарке.   Если суп получился слишком густым, разбавьте его бульоном или водой.   Вместо сливок можно использовать кокосовое молоко для веганской версии.",0.7243050932884216,0.6899953484535217,0.7067340612411499,bert-base-multilingual-cased_L9_no-idf_version=0.3.12(hug_trans=4.50.0),0.6637412309646606,0.6751695275306702,0.6694065928459167,bert-base-multilingual-cased_L9_no-idf_version=0.3.12(hug_trans=4.50.0),0.6828067302703857,0.661922812461853,0.6722026467323303,bert-base-multilingual-cased_L9_no-idf_version=0.3.12(hug_trans=4.50.0),0.6933984160423279,0.7095038890838623,0.7013586759567261,bert-base-multilingual-cased_L9_no-idf_version=0.3.12(hug_trans=4.50.0)
6,0,"['recipe_16181', 'recipe_47829', 'recipe_42359']","['recipe_12228', 'recipe_65298', 'recipe_3992']"," Рецепт: Картофельный гратёны с сыром

Основные ингредиенты: картошка, сыр (например, моцарелла или касар дель Грилло), соль, перец, масло для жарки.

Способ приготовления:
1. Помилуйте картошку, порежте на ломтики и поварите в солёной воде до готовности.
2. Взять заготовленную картошку, пролить маслом для жарки и покласть на блюдо.
3. Раскладывайте на картошку ломтики сыра.
4. Посолите и переперите по вкусу.
5. Положите в духовку на 20-25 минут, пока сыр не расплавьется и не зажарётся.
6. Готово! Картофельный гратёны с сыром готовы к употреблению.

Советую добавить салат или овощи в качестве гарнира.",3.0265135765075684,"1. Картофельные шарики в мультиварке
     - Количество порций: 4
     - Ингредиенты: картошка, лук, грибы, рафинированное масло, сыр, соль, перец, молоко, зелень
     - Приготовление: Очищаем картофль, моем и отвариваем до готовности. Грибы очищаем и нарезаем кусочками. Луковицу очищаем, моем и нарезаем мелким кубиком. В чашу мультиварки наливаем растительное масло, включаем режим «Жарка» или «Тушение». Когда нагреется, всыпаем лук и грибы. Все солим, перчим и жарим около двадцати минут. Отваренный картофель разминаем в пюре, добавляем к нему молоко. Формируем шарики, кладем их в мультиварку. Внутри шариков делаем углубление, куда укладываем грибную начинку. Выбираем режим «Жарка» или «Тушение» и готовим шарики минут двадцать при открытой крышке. Сыр натираем на крупной терке. За несколько минут до готовности картофельных шариков посыпаем их сыром. Готовые шарики аккуратно перекладываем на тарелку и при желании украшаем зеленью.

  2. Запеканка из картофеля, лука, моркови, грибов и бекона
     - Количество порций: 4
     - Ингредиенты: картошка, лук, морковь, грибы, бекон, растительное масло, сметана, сыр, соль, перец, приправы
     - Приготовление: Луковицу очищаем и промываем, нарезаем мелким кубиком. Морковь очищаем, моем и натираем на терке. Обжариваем лук с морковью на сковороде, после чего выкладываем их поверх отварного картофеля. Сушеные грибы выкладываем следующим слоем. Бекон нарезаем любого размера кусочками и выкладываем сверху. Вторую часть картошки выкладываем самым последним, верхним слоем. Будущую запеканку солим и перчим, добавляем приправы по вкусу, обильно смазываем сметаной. На крупной терке натираем сыр, присыпаем им блюдо поверх сметаны. Отправляем форму с ингредиентами в разогретый до 180-200 градусов духовой шкаф на 20-30 минут. Подавать лучше всего запеканку горячей.

  3. Запеканка из картофеля, лука, грибов и сыра
     - Количество порций: 4
     - Ингредиенты: картошка, лук, грибы, растительное масло, сметана, сыр, соль, перец, приправы
     - Приготовление: Картофель очищаем, моем и отвариваем до готовности. Грибы очищаем и нарезаем кусочками. Луковицу очищаем, моем и нарезаем мелким кубиком. В чашу мультиварки наливаем растительное масло, включаем режим «Жарка» или «Тушение». Когда нагреется, всыпаем лук и грибы. Все солим, перчим и жарим около двадцати минут. Отваренный картофель разминаем в пюре, добавляем к нему сметану. Формируем шарики, кладем их в чашу мультиварки. Внутри шариков делаем углубление, куда укладываем грибную начинку. Выбираем режим «Жарка» или «Тушение» и готовим шарики на 10-15 минут. За несколько минут до конца приготовления наливаем на шарики разогретую сметану и натираем сыр на крупной терке. Размешиваем шарики, чтобы сыр растворился. Готовые шарики аккуратно перекладываем на тарелку и подаем горячими.",14.663581132888794,"Картофельная запеканка по-французски

Количество порций: 5.0.
Ингридиенты
	картошка: 1 кг.
	лук: 1 штука.
	чеснок: 2 зубчика.
	сыр: 100 грамм.
	сливки: 1 стакан.
	петрушка: по вкусу.
	специи: по вкусу.

Способ приготовления
	1. Подготовьте все необходимые ингредиенты..
	2. Лук порежьте кольцами и обжарьте на растительном масле до румяного цвета..
	3. Картошку порежьте кольцами или ломтиками (тонко)..
	4. Чеснок, укроп и петрушку мелко порубите..
	5. Форму для выпечки смажьте сливочным маслом, выложите в неё картошку, перекладывая ее луком. Посолите и поперчите, а также добавьте другие специи (например — мускатный орех)..
	6. Добавьте чеснок и зелень, залейте все сливками. Сверху натрите равномерно сыр.
Накройте форму фольгой, отправьте её в разогретую до 200 градусов духовку на 40 минут.
Потом фольгу уберите, запекайте еще минут 20-25, для образования румяной корочки..
	7. Готовую картофельную запеканку по-французски  можете подавать как основное блюдо или как гарнир. Приятного аппетита!.
Время: 1 ч. 20 мин.
","Пирожки из заварного теста

Количество порций: 7.0.
Ингридиенты
	вода: 250 мл.
	мука: 400-450 грамм.
	сливочное масло: 150 грамм.
	соль: 1 щепотка.
	сахар: 1 щепотка.
	сыр: 350 грамм.
	лук зеленый: 1 пучок.

Способ приготовления
	1. Набор используемых ингредиентов довольно простой, так что этот рецепт прекрасно подойдет для угощения внезапно нагрянувших гостей..
	2. Воду соединить в небольшой кастрюле со сливочным маслом и довести массу до кипения..
	3. Просеять муку с солью и отделить примерно треть. Выложить в нее кипящее масло и начать активно перемешивать, чтобы заварить тесто..
	4. В полученную массу добавить оставшуюся муку и сахар, вымесить тесто. Не стоит сильно усердствовать, чтобы пирожки из заварного теста в домашних условиях не были слишком плотными..
	5. Накрыть тесто пищевой пленкой и оставить на 20-30 минут, чтобы оно ""отдохнуло""..
	6. Это время можно использовать для приготовления начинки. В данном случае - это тертый сыр с измельченным зеленым луком..
	7. Классический рецепт пирожков из заварного теста можно слегка изменить, сделав пирожки открытыми. Выложить на небольшой кусочек теста начинку и защипить края так, чтобы сверху осталась дырочка..
	8. Противень застелить бумагой и выложить пирожки. Отправить их в разогретую духовку и выпекать до готовности. 
Дополнить этот простой рецепт пирожков из заварного теста можно кунжутом, например..
Калории: 305 ккал.
Белки: 12 г.
Жиры: 18 г.
Углеводы: 24 г.
Время: 1 ч..
",['Что можно приготовить из картошки и сыра?'],"Картофельные вафли с сыром   Ингредиенты  - Картофель  2 шт.  - Яйцо  1 шт.  - Сыр тртый  100 г  - Мука  2 ст. ложки  - Соль и перец  по вкусу   Инструкция  1. Натрите картофель на мелкой трке, отожмите лишний сок.  2. Смешайте с яйцом, сыром, мукой, солью и перцем.  3. Выпекайте в вафельнице до золотистой корочки 57 минут.   СоветыАльтернативы   Можно добавить зелень укроп, петрушку.   Если нет вафельницы  используйте сковороду.",0.7158631086349487,0.7207522392272949,0.7182993292808533,bert-base-multilingual-cased_L9_no-idf_version=0.3.12(hug_trans=4.50.0),0.6350477933883667,0.676084578037262,0.6549239754676819,bert-base-multilingual-cased_L9_no-idf_version=0.3.12(hug_trans=4.50.0),0.6711744070053101,0.7164654731750488,0.6930807828903198,bert-base-multilingual-cased_L9_no-idf_version=0.3.12(hug_trans=4.50.0),0.6305011510848999,0.6604424715042114,0.6451245546340942,bert-base-multilingual-cased_L9_no-idf_version=0.3.12(hug_trans=4.50.0)
7,0,"['recipe_55084', 'recipe_10041', 'recipe_28248']","['recipe_37581', 'recipe_12228', 'recipe_42482']"," Рецепт домашнего хлеба:

Название: Хлеб на закваске
Основные ингредиенты: мука, соль, жидкое молоко, дрожжи на закваске, растительное масло
Способ приготовления:
1. Создайте закваску из дрожжей и тёплого молока. Поместите в теплое место и оставьте на 10-15 минут, чтобы закваска подогрелась и распространилась.
2. В большой миске смешайте муку и соль.
3. Добавьте закваску и теплое молоко в муку. Смешайте до получения однородной массы.
4. Добавьте растительное масло и продолжайте смешивать.
5. Оформьте тесто в шарообразную форму и поместите в глубокую посуду для выпечки.
6. Поместите посуду в теплое место и оставьте на 1,5-2 часа, чтобы тесто подогнулось.
7. Предварительно нагревайте духовку до 200 градусов по Цельсию.
8. Выпекайте хлеб на 30-35 минут.
9. Останьте хлеб в духовке еще на 5-10 минут, чтобы он охладился.
10. Хлеб готов к употреблению.",4.223238229751587," **Ответ:** Здравствуйте! Мне очень приятно помочь вам в выборе рецепта. Если вы ищете легкое и быстрое блюдо, то я рекомендую приготовить тост со шпинатом. Это очень вкусное и здоровое блюдо, которое готовится за не более 35 минут. Рецепт очень простой и не требует много времени на подготовку.

   Если вы предпочитаете более заполненное блюдо, то я бы предложил вам рецепт куриных котлеток. Это блюдо готовится за 45 минут и имеет очень низкий калорийный уровень - 170 ккал.

   Если же вы ищете что-то вегетарианское, то я бы предложил вам рецепт тоста с шпинатом. Это очень вкусное и здоровое блюдо, которое готовится за не более 35 минут.

   Я надеюсь, что эти рецепты подойдут вам и помогут вам в выборе того, что вам понравится. Удачи в приготовлении!",4.820843935012817,"Французский тост

Количество порций: 4.0.
Ингридиенты
	мука: 1/3 стакана.
	сахар: 1/3 стакана.
	молоко: 2/3 стакана.
	яйцо: 4 штуки.
	соль: 1 щепотка.
	ваниль: 1 щепотка.
	растительное масло: 2 ч. ложки.
	хлеб: 8 штук.

Способ приготовления
	1. Первым делом включите духовку, пусть она разогревается до 200 градусов. В глубокой мисочке взбейте яйца со щепоткой соли и сахаром. Добавьте ванилин, корицу для аромата..
	2. Отдельно просейте муку и влейте молоко. Перемешайте как следует, чтобы не образовались комочки..
	3. Влейте яичную смесь и как следует взбейте..
	4. На несколько секунд опустите ломтики хлеба в полученную смесь так, чтобы та покрыла их со всех сторон..
	5. Выложите на противень, смазанный маслом, и отправьте в духовку. Подрумяньте тосты с двух сторон. Перед подачей можно добавить кусочек сливочного масла сверху. Приятного аппетита!.
Время: 10 мин.
","Суп из цветной капусты с ржаными гренками

Количество порций: 4.0.
Ингридиенты
	цветная капуста: 500 грамм.
	картофель: 2 штуки.
	лук: 1 штука.
	чеснок: 2 зубчика.
	растительное масло: 2 ст. ложки.
	овощной бульон: 1/4 стакана.
	соль, перец: по вкусу.
	мускатный орех: 1/4 ч. ложки.
	сливки: 200 мл.
	ржаной хлеб: 3 штуки.

Способ приготовления
	1. Для начала необходимо подготовить все необходимые овощи. Для этого очищаем их и промываем под водой. Лук и чеснок нарезаем мелко, а цветную капусту разделяем на соцветия..
	2. В кастрюлю добавляем воду, варим соцветия цветной капусты 5-10 минут, за 2 минуты добавляем щепотку соли..
	3. В кастрюле с толстым дном разогреваем растительное масло, обжариваем в нем лук и чеснок до золотистого оттенка. 

Добавляем картофель, после чего заливаем смесь овощным бульоном и варим на протяжении 10 минут..
	4. Готовую цветную капусту добавляем к овощам и варим еще на протяжении 5-10 минут, добавляя соль, перец и мускатный орех. 
Вливаем суп в чашу блендера, измельчаем его до консистенции крема..
	5. Перекладываем суп-пюре в кастрюлю, добавляем сливки, тщательно перемешивая. 

Тем временем нарезаем ржаной хлеб на кусочки и обжариваем его на сухой сковороде. По готовности смазываем оливковым маслом с чесноком..
Время: 40 мин.
",['Как сделать домашний хлеб?'],"Домашний хлеб   Ингредиенты  - Мука  500 г  - Вода  300 мл  - Дрожжи  7 г сухие  - Соль  1 ч. ложка  - Сахар  1 ч. ложка   Инструкция  1. Смешайте дрожжи с тплой водой и сахаром, оставьте на 10 минут.  2. Добавьте муку, соль и замесите тесто.  3. Оставьте в тплом месте на 1 час.  4. Выложите тесто в форму, дайте подняться ещ 30 минут.  5. Выпекайте при 180 30 минут.   СоветыАльтернативы   Можно добавить орехи, семечки или оливки в тесто.   Для хрустящей корочки смажьте верх водой перед выпечкой.",0.7158027291297913,0.7349659204483032,0.7252577543258667,bert-base-multilingual-cased_L9_no-idf_version=0.3.12(hug_trans=4.50.0),0.5935941934585571,0.608816921710968,0.6011092066764832,bert-base-multilingual-cased_L9_no-idf_version=0.3.12(hug_trans=4.50.0),0.6808931827545166,0.7175277471542358,0.6987305879592896,bert-base-multilingual-cased_L9_no-idf_version=0.3.12(hug_trans=4.50.0),0.6382954716682434,0.6797503232955933,0.6583709716796875,bert-base-multilingual-cased_L9_no-idf_version=0.3.12(hug_trans=4.50.0)
8,0,"['recipe_58389', 'recipe_3420', 'recipe_60594']","['recipe_12228', 'recipe_62495', 'recipe_65298']","1. Фруктовый сок по желатину:
   - Основные ингредиенты: фруктовый сок, желатин.
   - Способ приготовления: Раствори желатин в холодном фруктовом соке и подогревай на слабом огне до полного растворения. Разливай в форму для запекания и оставляй застыть в холодильнике.

2. Ягодный десерт по какао:
   - Основные ингредиенты: ягоды, сахар, какао-порошок.
   - Способ приготовления: Помеши ягоды с сахаром и какао-порошком. Раздели на порции и употребляй как десерт.

3. Марангуль:
   - Основные ингредиенты: кокосовое масло, сахар, соль, вода.
   - Способ приготовления: Смеши сахар, соль и кокосовое масло. Добавляй воду постепенно, пока не получится густая смесь. Раздели на порции и употребляй как десерт.",3.4098622798919678," **Ответ:** Здравствуйте! Вы задали вопрос о рецептах, которые можно приготовить без использования пшеницы. Я бы предложил вам три рецепта, которые можно приготовить в домашних условиях.

1. **Рецепт понравился мне (Шарлотка в мультиварке с фруктами)**. Этот рецепт не содержит пшеницы, но содержит яйца, сахар и муку из кукурузы.

2. **Рецепт понравился моей маме (Кексы из кокосового масла)**. Этот рецепт также не содержит пшеницы, но содержит кокосовое масло, которое можно заменить сливочным маслом, если у вас нет кокосового масла.

3. **Рецепт понравился моему другу (Тартар с ананасом)**. Этот рецепт также не содержит пшеницы, но содержит ананас, который можно заменить другими фруктами по вкусу.

Я надеюсь, что эти рецепты понравятся вам, как они понравились моим родственникам и друзьям. Если у вас есть вопросы или предложения, пожалуйста, не стесняйтесь их задавать. Удачи в приготовлении!",5.604946136474609,"Баварские новогодние капкейки

Количество порций: 10.0.
Ингридиенты
	молоко: 1/4 стакана.
	ваниль: 1 ч. ложка.
	ваниль: 1 ч. ложка.
	соль: 1 ч. ложка.
	разрыхлитель: 4 ч. ложки.
	миндальный экстракт: 2 ч. ложки.
	белый шоколад: 120 грамм.
	яичные белки: 6 штук.
	молоко комнатной температуры: 1 стакан.
	малиновый джем  заполнения: 1 по вкусу.

Способ приготовления
	1. Разогреть духовку до 175 градусов. Выстелить форму бумажными вкладышами. Если вы готовите большой пирог, смажьте маслом и посыпьте мукой 2 формы для пирога, а затем выложить круг пергамента на дно. Смешать яичные белки,  молоко, ваниль и миндальный экстракт в миске, взбить и отложить в сторону. В большой миске объединить все сухие ингредиенты. Добавить сливочное масло и взбить миксером на низкой скорости, пока смесь не будет напоминать мягкий влажный песок или пока не останется ни одного большого куска сливочного масла.  Взбивать около пяти минут. Добавить яичную смесь в два или три захода, взбивая на низкой скорости после каждого добавления. Взбить все вместе 20-30 секунд..
	2. Вылить тесто в подготовленные бумажные вкладыши или формы для пирога и выпекать в течение 12-14 минут для капкейков и  20-25 минут для пирогов. Вставленная в центр зубочистка должна выходить с несколькими крошками. Дать капкейкам полностью остыть. Чтобы сделать крем, растопить сливочное масло в микроволновой печи или в пароварке. Добавить нарезанный белый шоколад и перемешать, пока он не растает. Снять с огня и перемешать с молоком и ванилью. Добавить сахарную пудру, по 1/2 стакана за раз, взбивая после каждого добавления, пока нужная консистенция не будет достигнута. Если глазурь слишком густая, добавить немного молока..
	3. Если вы используете малиновую начинку, сделайте углубление на верхушке каждого капкейка и заполните его джемом..
	4. Украсьте кремом и при желании подковами из растопленного белого шоколада с красителем..
	5. Для этого поместите крем в кондитерский мешок, выдавите украшения в форме подковы на лист пергамента и дайте застыть..
Время: 40 мин.
","Пирожки из заварного теста

Количество порций: 7.0.
Ингридиенты
	вода: 250 мл.
	мука: 400-450 грамм.
	сливочное масло: 150 грамм.
	соль: 1 щепотка.
	сахар: 1 щепотка.
	сыр: 350 грамм.
	лук зеленый: 1 пучок.

Способ приготовления
	1. Набор используемых ингредиентов довольно простой, так что этот рецепт прекрасно подойдет для угощения внезапно нагрянувших гостей..
	2. Воду соединить в небольшой кастрюле со сливочным маслом и довести массу до кипения..
	3. Просеять муку с солью и отделить примерно треть. Выложить в нее кипящее масло и начать активно перемешивать, чтобы заварить тесто..
	4. В полученную массу добавить оставшуюся муку и сахар, вымесить тесто. Не стоит сильно усердствовать, чтобы пирожки из заварного теста в домашних условиях не были слишком плотными..
	5. Накрыть тесто пищевой пленкой и оставить на 20-30 минут, чтобы оно ""отдохнуло""..
	6. Это время можно использовать для приготовления начинки. В данном случае - это тертый сыр с измельченным зеленым луком..
	7. Классический рецепт пирожков из заварного теста можно слегка изменить, сделав пирожки открытыми. Выложить на небольшой кусочек теста начинку и защипить края так, чтобы сверху осталась дырочка..
	8. Противень застелить бумагой и выложить пирожки. Отправить их в разогретую духовку и выпекать до готовности. 
Дополнить этот простой рецепт пирожков из заварного теста можно кунжутом, например..
Калории: 305 ккал.
Белки: 12 г.
Жиры: 18 г.
Углеводы: 24 г.
Время: 1 ч..
",['Какие десерты можно приготовить без муки?'],"Десерты без муки  Вот несколько простых и вкусных десертов без муки  ---  Шоколадный мусс   Ингредиенты  - Тмный шоколад 70  200 г  - Яйца  3 шт. разделить на белки и желтки  - Сахар  50 г  - Взбитые сливки 30  200 мл  - Ванильный экстракт  1 ч. ложка   Инструкция  1. Растопите шоколад на водяной бане или в микроволновке на низкой мощности, дайте немного остыть.  2. Взбейте желтки с сахаром до светлой массы, добавьте растопленный шоколад и ванильный экстракт.  3. В отдельной миске взбейте белки до устойчивых пиков.  4. Аккуратно введите белки и взбитые сливки в шоколадную смесь.  5. Разлейте по формам и охладите в холодильнике минимум на 2 часа.   СоветыАльтернативы   Добавьте щепотку соли в белки для лучшего взбивания.   Вместо сливок можно использовать кокосовые сливки для веганской версии.   Украсьте ягодами или шоколадной крошкой.",0.6625341176986694,0.6470136642456055,0.654681921005249,bert-base-multilingual-cased_L9_no-idf_version=0.3.12(hug_trans=4.50.0),0.616852879524231,0.6201188564300537,0.6184815764427185,bert-base-multilingual-cased_L9_no-idf_version=0.3.12(hug_trans=4.50.0),0.6811090707778931,0.7104056477546692,0.6954489350318909,bert-base-multilingual-cased_L9_no-idf_version=0.3.12(hug_trans=4.50.0),0.6605280637741089,0.661219596862793,0.6608736515045166,bert-base-multilingual-cased_L9_no-idf_version=0.3.12(hug_trans=4.50.0)
9,0,"['recipe_60300', 'recipe_56792', 'recipe_42605']","['recipe_35668', 'recipe_62495', 'recipe_16613']"," Рецепт: Курица с овощами и рисом

   Основные ингредиенты: курица, рис, овощи (картофель, морковь, капуста, помидоры, зелень)

   Способ приготовления:
   1. Поместите курицу в кастрюлю и посолите, поперите и помешите с оливковым маслом.
   2. Варьте курицу в закрытом кастрюле при средней температуре до готовности (около 40-45 минут).
   3. В отдельной кастрюле варьте рис по инструкции на упаковке.
   4. В отдельной сковороде, на масле, обжаривай овощи до готовности.
   5. Смешай готовый рис с обжаренными овощами.
   6. Нарежте готовую курицу на кусочки и добавьте в рис с овощами.
   7. Посолите и поперьте вкусно.

   Готово! Это простой и вкусный рецепт, который подойдет для обеда или ужина.",3.446755886077881,"1. Здравствуйте! Мы приготовили несколько рецептов, которые могут понравиться вам. Первый рецепт - это ленивые голубцы с цветной капустой. Это легкое блюдо, которое готовится за 1 час 30 минут. Калорийность - 121 ккал, белки - 1 г, жиры - 12 г, углеводы - 10 г.

  2. Второй рецепт - это салат слоеный с печенью. Это традиционное блюдо, которое готовится за 1 час. Калорийность - 143 ккал, белки - 10 г, жиры - 4 г, углеводы - 17 г.

  3. Третий рецепт - это салат из риса, куриных яиц и укропа. Это легкое блюдо, которое готовится за 1 час. Калорийность - не указана, но вероятно, будет зависеть от объема приготовленного риса и других ингредиентов.

  4. В конце, хочу пожелать вам вкусного аппетита и надеюсь, что вы попробуете приготовить хотя бы один из этих рецептов. Будем рады, если это поможет вам!",5.386035680770874,"Суп ""Гамбо""

Количество порций: 6.0.
Ингридиенты
	чеснок: 2-3 зубчиков.
	бекон: 3 ломтика.
	мука: 50 грамм.
	рис: 1 стакан.
	грудка куриная: 2 штуки.
	бульон: 1 литр.
	хлопья перца чили: 0.5 ч. ложки.
	соль: по вкусу.
	луковица: 1 штука.
	стебель сельдерея: 1-2 штук.
	вода: 0.5 литра.
	перец: по вкусу.
	лавровый лист: 2 штуки.
	сладкий перец: 1 штука.
	помидоры в собственном соку: 300 грамм.

Способ приготовления
	1. Бекон нарежьте небольшими кусочками и выложите в сотейник с толстым дном. Обжарьте до хрустящей корочки, а затем аккуратно переложите на салфетку. Очистите и измельчите овощи..
	2. Выложите лук, перец, сельдерей. Обжарьте на среднем огне, помешивая, минут 5. Добавьте соль и щепотку перца. Параллельно вымойте и обсушите грудку. Присыпьте ее солью и специями по вкусу..
	3. Переложите в сотейник курочку, обжарьте её еще минут 5. Очистите и измельчите чеснок, добавьте их к остальным ингредиентам..
	4. Всыпьте просеянную муку, тщательно перемешайте и подрумяньте минуты 3. Влейте бульон (в рецепте приготовления супа ""Гамбо"" можно использовать как овощной, так и куриный), воду. Добавьте измельченные помидоры..
	5. Для аромата рекомендую положить 1-2 лавровых листочка. Доведите до кипения, дополнительно подсолите по вкусу и добавьте хлопья перца чили..
	6. Выложите в сотейник рис. После закипания уберите огонь до минимума и оставьте блюдо так минут на 15-20..
	7. Аккуратно достаньте лаврушку, переложите в сотейник бекон. Варите еще 8-10 минут под закрытой крышкой..
	8. Вот и весь секрет, как приготовить суп ""Гамбо"". Подавайте его сразу к столу, по желанию дополнив свежей зеленью..
Время: 1 ч..
","Ленивая ачма

Количество порций: 10.0.
Ингридиенты
	яйцо куриное: 6 штук.
	сыр твердый: 250 грамм.
	брынза или сулугуни: 250 грамм.
	молоко: 1,5 стакана.
	лаваш тонкий: 6 штук.
	чеснок: 1 зубчик.
	соль, перец: по вкусу.

Способ приготовления
	1. Как приготовить ленивую ачму? Для начала возьмите лаваш. Обрежьте его по форме вашей формы для запекания..
	2. Я делаю половину порции, но продукты указаны для полной.
Итак, в миску вбиваем яйца. Добавляем соль и перец, взбиваем..
	3. Вливаем молоко, взбиваем снова. Пышной пены добиваться не следует, просто все хорошо смешайте..
	4. В массу добавьте тертый твердый сыр и брынзу. Добавьте по вкусу соль, выдавите чеснок через пресс..
	5. Хорошо перемешайте. Вместо брынзы можно взять сулугуни или другой вид сыра. Можно взять два сорта твердого сыра. Не рекомендую класть творог. Будет совершенно не то блюдо..
	6. Форму застелите пекарской бумагой. На лист бумаги кладем лист лаваша, обрезанный по форме. На него — 2-3 столовые ложки смеси из сыра и яиц..
	7. Распределите сырную смесь по всему листу лаваша. Накройте новым лавашом, затем — снова сырную смесь и снова лаваш. И так выкладываем до самого верха. Последним должен быть слой сыра..
	8. Разогрейте духовку до 200 градусов. Выпекайте ленивую ачму в духовке. Время выпечки — около 20 минут. Ачма вздуется, поднимется. Это нормально. После остывания она ""упадет"" и уплотнится..
	9. Снимите ачму с бумаги. Переложите её на блюдо, нарежьте и подавайте к столу..
Время: 40 мин.
",['Как приготовить рис с курицей и овощами?'],"Рис с курицей и овощами   Ингредиенты  - Рис  200 г  - Куриное филе  150 г  - Морковь  1 шт.  - Горошек замороженный  100 г  - Соевый соус  2 ст. ложки   Инструкция  1. Отварите рис до готовности.  2. Обжарьте курицу на сковороде 57 минут.  3. Добавьте морковь и горошек, жарьте 5 минут.  4. Влейте соевый соус, добавьте рис, перемешайте.  5. Жарьте ещ 23 минуты.   СоветыАльтернативы   Добавьте яйца для версии жареного риса.   Можно использовать креветки вместо курицы.",0.7287487983703613,0.7458057403564453,0.7371785640716553,bert-base-multilingual-cased_L9_no-idf_version=0.3.12(hug_trans=4.50.0),0.6206926107406616,0.6601349711418152,0.6398065090179443,bert-base-multilingual-cased_L9_no-idf_version=0.3.12(hug_trans=4.50.0),0.6505255699157715,0.6989107131958008,0.6738507151603699,bert-base-multilingual-cased_L9_no-idf_version=0.3.12(hug_trans=4.50.0),0.6492314338684082,0.7019055485725403,0.6745417714118958,bert-base-multilingual-cased_L9_no-idf_version=0.3.12(hug_trans=4.50.0)
